license_plate_number,time_added
NA13NRU,0.6623684210526316
WU51USV,1.5896842105263158
CX15OCJ,2.682592105263158
KP05JEO,4.636578947368421
